Status,Project,Title,Name,URL,Error
Success,DD,Vicmap Planning,vicmap-planning,https://ckan-datavic-ckan-develop.au.amazee.io/dataset/vicmap-planning,
Failure,ODP,Vicmap Planning,vicmap-planning,https://ckan-datavic-ckan-odp-develop.au.amazee.io/dataset/vicmap-planning,Dataset was not found
Success,DD,Irrigation system allocations,irrigation-system-allocations,https://ckan-datavic-ckan-develop.au.amazee.io/dataset/irrigation-system-allocations,
Failure,ODP,Irrigation system allocations,irrigation-system-allocations,https://ckan-datavic-ckan-odp-develop.au.amazee.io/dataset/irrigation-system-allocations,Dataset was not found
Success,DD,Tree Cover,tree-cover,https://ckan-datavic-ckan-develop.au.amazee.io/dataset/tree-cover,
Failure,ODP,Tree Cover,tree-cover,https://ckan-datavic-ckan-odp-develop.au.amazee.io/dataset/tree-cover,Dataset was not found
Success,DD,Fire Management Zones,fire-management-zones,https://ckan-datavic-ckan-develop.au.amazee.io/dataset/fire-management-zones,
Failure,ODP,Fire Management Zones,fire-management-zones,https://ckan-datavic-ckan-odp-develop.au.amazee.io/dataset/fire-management-zones,Dataset was not found
Success,DD,Forest Management Areas,forest-management-areas,https://ckan-datavic-ckan-develop.au.amazee.io/dataset/forest-management-areas,
Failure,ODP,Forest Management Areas,forest-management-areas,https://ckan-datavic-ckan-odp-develop.au.amazee.io/dataset/forest-management-areas,Dataset was not found
Success,DD,Other Coastal Plans,other-coastal-plans,https://ckan-datavic-ckan-develop.au.amazee.io/dataset/other-coastal-plans,
Failure,ODP,Other Coastal Plans,other-coastal-plans,https://ckan-datavic-ckan-odp-develop.au.amazee.io/dataset/other-coastal-plans,Dataset was not found
Success,DD,Victorian Primary Production Landscapes (PPL),victorian-primary-production-landscapes-ppl,https://ckan-datavic-ckan-develop.au.amazee.io/dataset/victorian-primary-production-landscapes-ppl,
Failure,ODP,Victorian Primary Production Landscapes (PPL),victorian-primary-production-landscapes-ppl,https://ckan-datavic-ckan-odp-develop.au.amazee.io/dataset/victorian-primary-production-landscapes-ppl,Dataset was not found
Success,DD,Major Residential Redevelopments Sites 2018,major-residential-redevelopments-sites-2018,https://ckan-datavic-ckan-develop.au.amazee.io/dataset/major-residential-redevelopments-sites-2018,
Failure,ODP,Major Residential Redevelopments Sites 2018,major-residential-redevelopments-sites-2018,https://ckan-datavic-ckan-odp-develop.au.amazee.io/dataset/major-residential-redevelopments-sites-2018,Dataset was not found
Success,DD,2010 Index of Stream Condition - Structure 1 Reach Summary Table,2010-index-of-stream-condition-structure-1-reach-summary-table,https://ckan-datavic-ckan-develop.au.amazee.io/dataset/2010-index-of-stream-condition-structure-1-reach-summary-table,
Failure,ODP,2010 Index of Stream Condition - Structure 1 Reach Summary Table,2010-index-of-stream-condition-structure-1-reach-summary-table,https://ckan-datavic-ckan-odp-develop.au.amazee.io/dataset/2010-index-of-stream-condition-structure-1-reach-summary-table,Dataset was not found
Success,DD,East Gippsland Marine Habitats November 2009,east-gippsland-marine-habitats-november-2009,https://ckan-datavic-ckan-develop.au.amazee.io/dataset/east-gippsland-marine-habitats-november-2009,
Failure,ODP,East Gippsland Marine Habitats November 2009,east-gippsland-marine-habitats-november-2009,https://ckan-datavic-ckan-odp-develop.au.amazee.io/dataset/east-gippsland-marine-habitats-november-2009,Dataset was not found
Success,DD,Sustainable Diversion Limits,sustainable-diversion-limits,https://ckan-datavic-ckan-develop.au.amazee.io/dataset/sustainable-diversion-limits,
Failure,ODP,Sustainable Diversion Limits,sustainable-diversion-limits,https://ckan-datavic-ckan-odp-develop.au.amazee.io/dataset/sustainable-diversion-limits,Dataset was not found
Success,DD,Vicmap Transport - Rail Marshalling Yard,vicmap-transport-rail-marshalling-yard,https://ckan-datavic-ckan-develop.au.amazee.io/dataset/vicmap-transport-rail-marshalling-yard,
Success,ODP,Vicmap Transport - Rail Marshalling Yard,vicmap-transport-rail-marshalling-yard,https://ckan-datavic-ckan-odp-develop.au.amazee.io/dataset/vicmap-transport-rail-marshalling-yard,
Success,DD,Miscellaneous geological lines and points (1:100,000),miscellaneous-geological-lines-and-points-1-100-000,https://ckan-datavic-ckan-develop.au.amazee.io/dataset/miscellaneous-geological-lines-and-points-1-100-000,
Success,ODP,Miscellaneous geological lines and points (1:100,000),miscellaneous-geological-lines-and-points-1-100-000,https://ckan-datavic-ckan-odp-develop.au.amazee.io/dataset/miscellaneous-geological-lines-and-points-1-100-000,
Success,DD,Country Fire Authority (CFA) Total Fire Ban Districts - Vicmap Admin,country-fire-authority-cfa-total-fire-ban-districts-vicmap-admin,https://ckan-datavic-ckan-develop.au.amazee.io/dataset/country-fire-authority-cfa-total-fire-ban-districts-vicmap-admin,
Success,ODP,Country Fire Authority (CFA) Total Fire Ban Districts - Vicmap Admin,country-fire-authority-cfa-total-fire-ban-districts-vicmap-admin,https://ckan-datavic-ckan-odp-develop.au.amazee.io/dataset/country-fire-authority-cfa-total-fire-ban-districts-vicmap-admin,
Success,DD,Other Bridge - Flood Height Measurement Structures,other-bridge-flood-height-measurement-structures,https://ckan-datavic-ckan-develop.au.amazee.io/dataset/other-bridge-flood-height-measurement-structures,
Success,ODP,Other Bridge - Flood Height Measurement Structures,other-bridge-flood-height-measurement-structures,https://ckan-datavic-ckan-odp-develop.au.amazee.io/dataset/other-bridge-flood-height-measurement-structures,
Success,DD,PTV Metro Tram Stops,ptv-metro-tram-stops,https://ckan-datavic-ckan-develop.au.amazee.io/dataset/ptv-metro-tram-stops,
Success,ODP,PTV Metro Tram Stops,ptv-metro-tram-stops,https://ckan-datavic-ckan-odp-develop.au.amazee.io/dataset/ptv-metro-tram-stops,
Success,DD,Riparian Forests or Woodlands,riparian-forests-or-woodlands,https://ckan-datavic-ckan-develop.au.amazee.io/dataset/riparian-forests-or-woodlands,
Success,ODP,Riparian Forests or Woodlands,riparian-forests-or-woodlands,https://ckan-datavic-ckan-odp-develop.au.amazee.io/dataset/riparian-forests-or-woodlands,
Success,DD,2010 Index of Stream Condition - Channel Transect line features,2010-index-of-stream-condition-channel-transect-line-features,https://ckan-datavic-ckan-develop.au.amazee.io/dataset/2010-index-of-stream-condition-channel-transect-line-features,
Success,ODP,2010 Index of Stream Condition - Channel Transect line features,2010-index-of-stream-condition-channel-transect-line-features,https://ckan-datavic-ckan-odp-develop.au.amazee.io/dataset/2010-index-of-stream-condition-channel-transect-line-features,
Success,DD,Dry Forests - Exposed and/or lower altitude - Native Vegetation (EVCBCS_2005),dry-forests-exposed-and-or-lower-altitude-native-vegetation-evcbcs_2005,https://ckan-datavic-ckan-develop.au.amazee.io/dataset/dry-forests-exposed-and-or-lower-altitude-native-vegetation-evcbcs_2005,
Success,ODP,Dry Forests - Exposed and/or lower altitude - Native Vegetation (EVCBCS_2005),dry-forests-exposed-and-or-lower-altitude-native-vegetation-evcbcs_2005,https://ckan-datavic-ckan-odp-develop.au.amazee.io/dataset/dry-forests-exposed-and-or-lower-altitude-native-vegetation-evcbcs_2005,
Success,DD,State Park (Generalised) - Public Land Management,state-park-generalised-public-land-management,https://ckan-datavic-ckan-develop.au.amazee.io/dataset/state-park-generalised-public-land-management,
Success,ODP,State Park (Generalised) - Public Land Management,state-park-generalised-public-land-management,https://ckan-datavic-ckan-odp-develop.au.amazee.io/dataset/state-park-generalised-public-land-management,
Success,DD,WARD Boundaries 2012 (Polygon) - Vicmap Admin,ward-boundaries-2012-polygon-vicmap-admin,https://ckan-datavic-ckan-develop.au.amazee.io/dataset/ward-boundaries-2012-polygon-vicmap-admin,
Success,ODP,WARD Boundaries 2012 (Polygon) - Vicmap Admin,ward-boundaries-2012-polygon-vicmap-admin,https://ckan-datavic-ckan-odp-develop.au.amazee.io/dataset/ward-boundaries-2012-polygon-vicmap-admin,
Success,DD,Statewide Forest Boundaries, Polygon  -  1:1 million to 1:2 million - Vicmap Lite,statewide-forest-boundaries-polygon-1-1-million-to-1-2-million-vicmap-lite,https://ckan-datavic-ckan-develop.au.amazee.io/dataset/statewide-forest-boundaries-polygon-1-1-million-to-1-2-million-vicmap-lite,
Success,ODP,Statewide Forest Boundaries, Polygon  -  1:1 million to 1:2 million - Vicmap Lite,statewide-forest-boundaries-polygon-1-1-million-to-1-2-million-vicmap-lite,https://ckan-datavic-ckan-odp-develop.au.amazee.io/dataset/statewide-forest-boundaries-polygon-1-1-million-to-1-2-million-vicmap-lite,
Success,DD,Geological Structures, Goulburn-Murray Area,geological-structures-goulburn-murray-area,https://ckan-datavic-ckan-develop.au.amazee.io/dataset/geological-structures-goulburn-murray-area,
Success,ODP,Geological Structures, Goulburn-Murray Area,geological-structures-goulburn-murray-area,https://ckan-datavic-ckan-odp-develop.au.amazee.io/dataset/geological-structures-goulburn-murray-area,
Success,DD,2010 Index of Stream Condition - Vegetation Width 100m Section Summary Table,2010-index-of-stream-condition-vegetation-width-100m-section-summary-table,https://ckan-datavic-ckan-develop.au.amazee.io/dataset/2010-index-of-stream-condition-vegetation-width-100m-section-summary-table,
Success,ODP,2010 Index of Stream Condition - Vegetation Width 100m Section Summary Table,2010-index-of-stream-condition-vegetation-width-100m-section-summary-table,https://ckan-datavic-ckan-odp-develop.au.amazee.io/dataset/2010-index-of-stream-condition-vegetation-width-100m-section-summary-table,
Success,DD,Vicmap Elevation - Ground Type Rock Outcrop,vicmap-elevation-ground-type-rock-outcrop,https://ckan-datavic-ckan-develop.au.amazee.io/dataset/vicmap-elevation-ground-type-rock-outcrop,
Success,ODP,Vicmap Elevation - Ground Type Rock Outcrop,vicmap-elevation-ground-type-rock-outcrop,https://ckan-datavic-ckan-odp-develop.au.amazee.io/dataset/vicmap-elevation-ground-type-rock-outcrop,
Success,DD,WARD Boundaries 2016 (polygon) - Vicmap Admin,ward-boundaries-2016-polygon-vicmap-admin,https://ckan-datavic-ckan-develop.au.amazee.io/dataset/ward-boundaries-2016-polygon-vicmap-admin,
Success,ODP,WARD Boundaries 2016 (polygon) - Vicmap Admin,ward-boundaries-2016-polygon-vicmap-admin,https://ckan-datavic-ckan-odp-develop.au.amazee.io/dataset/ward-boundaries-2016-polygon-vicmap-admin,
Success,DD,Victorian Upper House Electoral Boundaries 2005 - Vicmap Admin,victorian-upper-house-electoral-boundaries-2005-vicmap-admin,https://ckan-datavic-ckan-develop.au.amazee.io/dataset/victorian-upper-house-electoral-boundaries-2005-vicmap-admin,
Success,ODP,Victorian Upper House Electoral Boundaries 2005 - Vicmap Admin,victorian-upper-house-electoral-boundaries-2005-vicmap-admin,https://ckan-datavic-ckan-odp-develop.au.amazee.io/dataset/victorian-upper-house-electoral-boundaries-2005-vicmap-admin,
Success,DD,Victorian Lower House Electoral Boundaries 2001 - Vicmap Admin,victorian-lower-house-electoral-boundaries-2001-vicmap-admin,https://ckan-datavic-ckan-develop.au.amazee.io/dataset/victorian-lower-house-electoral-boundaries-2001-vicmap-admin,
Success,ODP,Victorian Lower House Electoral Boundaries 2001 - Vicmap Admin,victorian-lower-house-electoral-boundaries-2001-vicmap-admin,https://ckan-datavic-ckan-odp-develop.au.amazee.io/dataset/victorian-lower-house-electoral-boundaries-2001-vicmap-admin,
Success,DD,Heathlands - Not well drained - Native Vegetation (EVCBCS_2005),heathlands-not-well-drained-native-vegetation-evcbcs_2005,https://ckan-datavic-ckan-develop.au.amazee.io/dataset/heathlands-not-well-drained-native-vegetation-evcbcs_2005,
Success,ODP,Heathlands - Not well drained - Native Vegetation (EVCBCS_2005),heathlands-not-well-drained-native-vegetation-evcbcs_2005,https://ckan-datavic-ckan-odp-develop.au.amazee.io/dataset/heathlands-not-well-drained-native-vegetation-evcbcs_2005,
Success,DD,Victorian Bioregions (Mapped at 1:100,000),victorian-bioregions-mapped-at-1-100-000,https://ckan-datavic-ckan-develop.au.amazee.io/dataset/victorian-bioregions-mapped-at-1-100-000,
Success,ODP,Victorian Bioregions (Mapped at 1:100,000),victorian-bioregions-mapped-at-1-100-000,https://ckan-datavic-ckan-odp-develop.au.amazee.io/dataset/victorian-bioregions-mapped-at-1-100-000,
Success,DD,Mallee - Calcareous dunefields - Native Vegetation (EVCBCS_2005),mallee-calcareous-dunefields-native-vegetation-evcbcs_2005,https://ckan-datavic-ckan-develop.au.amazee.io/dataset/mallee-calcareous-dunefields-native-vegetation-evcbcs_2005,
Success,ODP,Mallee - Calcareous dunefields - Native Vegetation (EVCBCS_2005),mallee-calcareous-dunefields-native-vegetation-evcbcs_2005,https://ckan-datavic-ckan-odp-develop.au.amazee.io/dataset/mallee-calcareous-dunefields-native-vegetation-evcbcs_2005,
Success,DD,Water Area (polygon) 1:25,000 - Vicmap Hydro,water-area-polygon-1-25-000-vicmap-hydro,https://ckan-datavic-ckan-develop.au.amazee.io/dataset/water-area-polygon-1-25-000-vicmap-hydro,
Success,ODP,Water Area (polygon) 1:25,000 - Vicmap Hydro,water-area-polygon-1-25-000-vicmap-hydro,https://ckan-datavic-ckan-odp-develop.au.amazee.io/dataset/water-area-polygon-1-25-000-vicmap-hydro,
Success,DD,Vicmap Property - Parcel Map Polygons,vicmap-property-parcel-map-polygons,https://ckan-datavic-ckan-develop.au.amazee.io/dataset/vicmap-property-parcel-map-polygons,
Success,ODP,Vicmap Property - Parcel Map Polygons,vicmap-property-parcel-map-polygons,https://ckan-datavic-ckan-odp-develop.au.amazee.io/dataset/vicmap-property-parcel-map-polygons,
Success,DD,Modelled old-growth forest boundaries,modelled-old-growth-forest-boundaries,https://ckan-datavic-ckan-develop.au.amazee.io/dataset/modelled-old-growth-forest-boundaries,
Success,ODP,Modelled old-growth forest boundaries,modelled-old-growth-forest-boundaries,https://ckan-datavic-ckan-odp-develop.au.amazee.io/dataset/modelled-old-growth-forest-boundaries,
Success,DD,Department of Sustainability & Environment Regional Boundaries, polygon  -  1:250,000 to 1 :5 million. Vicmap Lite,department-of-sustainability-environment-regional-boundaries-polygon-1-250-000-to-1-5-million-vicma,https://ckan-datavic-ckan-develop.au.amazee.io/dataset/department-of-sustainability-environment-regional-boundaries-polygon-1-250-000-to-1-5-million-vicma,
Failure,ODP,Department of Sustainability & Environment Regional Boundaries, polygon  -  1:250,000 to 1 :5 million. Vicmap Lite,department-of-sustainability-environment-regional-boundaries-polygon-1-250-000-to-1-5-million-vicma,https://ckan-datavic-ckan-odp-develop.au.amazee.io/dataset/department-of-sustainability-environment-regional-boundaries-polygon-1-250-000-to-1-5-million-vicma,Dataset was not found
Success,DD,Public Land Management Overlay - Remote and Natural Catchment Areas,public-land-management-overlay-remote-and-natural-catchment-areas,https://ckan-datavic-ckan-develop.au.amazee.io/dataset/public-land-management-overlay-remote-and-natural-catchment-areas,
Success,ODP,Public Land Management Overlay - Remote and Natural Catchment Areas,public-land-management-overlay-remote-and-natural-catchment-areas,https://ckan-datavic-ckan-odp-develop.au.amazee.io/dataset/public-land-management-overlay-remote-and-natural-catchment-areas,
Success,DD,PTV SkyBus Routes (Airport Service),ptv-skybus-routes-airport-service,https://ckan-datavic-ckan-develop.au.amazee.io/dataset/ptv-skybus-routes-airport-service,
Success,ODP,PTV SkyBus Routes (Airport Service),ptv-skybus-routes-airport-service,https://ckan-datavic-ckan-odp-develop.au.amazee.io/dataset/ptv-skybus-routes-airport-service,
Success,DD,Other (Generalised) - Public Land Management,other-generalised-public-land-management,https://ckan-datavic-ckan-develop.au.amazee.io/dataset/other-generalised-public-land-management,
Success,ODP,Other (Generalised) - Public Land Management,other-generalised-public-land-management,https://ckan-datavic-ckan-odp-develop.au.amazee.io/dataset/other-generalised-public-land-management,
Success,DD,Vicmap Crown Land Tenure - Reserve Management,vicmap-crown-land-tenure-reserve-management,https://ckan-datavic-ckan-develop.au.amazee.io/dataset/vicmap-crown-land-tenure-reserve-management,
Success,ODP,Vicmap Crown Land Tenure - Reserve Management,vicmap-crown-land-tenure-reserve-management,https://ckan-datavic-ckan-odp-develop.au.amazee.io/dataset/vicmap-crown-land-tenure-reserve-management,
Success,DD,Wetlands - Brackish/estuarine - Native Vegetation (EVCBCS_2005),wetlands-brackish-estuarine-native-vegetation-evcbcs_2005,https://ckan-datavic-ckan-develop.au.amazee.io/dataset/wetlands-brackish-estuarine-native-vegetation-evcbcs_2005,
Success,ODP,Wetlands - Brackish/estuarine - Native Vegetation (EVCBCS_2005),wetlands-brackish-estuarine-native-vegetation-evcbcs_2005,https://ckan-datavic-ckan-odp-develop.au.amazee.io/dataset/wetlands-brackish-estuarine-native-vegetation-evcbcs_2005,
Success,DD,Planning scheme overlay - Vicmap Planning,planning-scheme-overlay-vicmap-planning,https://ckan-datavic-ckan-develop.au.amazee.io/dataset/planning-scheme-overlay-vicmap-planning,
Success,ODP,Planning scheme overlay - Vicmap Planning,planning-scheme-overlay-vicmap-planning,https://ckan-datavic-ckan-odp-develop.au.amazee.io/dataset/planning-scheme-overlay-vicmap-planning,
Success,DD,Victoria Flood Database - Statistical extents for 1 to 500 years floods,victoria-flood-database-statistical-extents-for-1-to-500-years-floods,https://ckan-datavic-ckan-develop.au.amazee.io/dataset/victoria-flood-database-statistical-extents-for-1-to-500-years-floods,
Success,ODP,Victoria Flood Database - Statistical extents for 1 to 500 years floods,victoria-flood-database-statistical-extents-for-1-to-500-years-floods,https://ckan-datavic-ckan-odp-develop.au.amazee.io/dataset/victoria-flood-database-statistical-extents-for-1-to-500-years-floods,
Success,DD,Water Supply Protection Areas (Groundwater & Surface Water) within Victoria,water-supply-protection-areas-groundwater-surface-water-within-victoria,https://ckan-datavic-ckan-develop.au.amazee.io/dataset/water-supply-protection-areas-groundwater-surface-water-within-victoria,
Success,ODP,Water Supply Protection Areas (Groundwater & Surface Water) within Victoria,water-supply-protection-areas-groundwater-surface-water-within-victoria,https://ckan-datavic-ckan-odp-develop.au.amazee.io/dataset/water-supply-protection-areas-groundwater-surface-water-within-victoria,
Success,DD,Geological Alterations to Rock (1:100,000),geological-alterations-to-rock-1-100-000,https://ckan-datavic-ckan-develop.au.amazee.io/dataset/geological-alterations-to-rock-1-100-000,
Success,ODP,Geological Alterations to Rock (1:100,000),geological-alterations-to-rock-1-100-000,https://ckan-datavic-ckan-odp-develop.au.amazee.io/dataset/geological-alterations-to-rock-1-100-000,
Success,DD,PTV Regional Train Stations,ptv-regional-train-stations,https://ckan-datavic-ckan-develop.au.amazee.io/dataset/ptv-regional-train-stations,
Success,ODP,PTV Regional Train Stations,ptv-regional-train-stations,https://ckan-datavic-ckan-odp-develop.au.amazee.io/dataset/ptv-regional-train-stations,
Success,DD,Vicmap Hydro - Water structure - underground pipe water,vicmap-hydro-water-structure-underground-pipe-water,https://ckan-datavic-ckan-develop.au.amazee.io/dataset/vicmap-hydro-water-structure-underground-pipe-water,
Success,ODP,Vicmap Hydro - Water structure - underground pipe water,vicmap-hydro-water-structure-underground-pipe-water,https://ckan-datavic-ckan-odp-develop.au.amazee.io/dataset/vicmap-hydro-water-structure-underground-pipe-water,
Success,DD,Geological Gold Fields (1:100,000),geological-gold-fields-1-100-000,https://ckan-datavic-ckan-develop.au.amazee.io/dataset/geological-gold-fields-1-100-000,
Success,ODP,Geological Gold Fields (1:100,000),geological-gold-fields-1-100-000,https://ckan-datavic-ckan-odp-develop.au.amazee.io/dataset/geological-gold-fields-1-100-000,
Success,DD,Geophysical metamorphism (1:100,000), Geophysical Interpretation of Contact and Regional Metamorphism,geophysical-metamorphism-1-100-000-geophysical-interpretation-of-contact-and-regional-metamorphism,https://ckan-datavic-ckan-develop.au.amazee.io/dataset/geophysical-metamorphism-1-100-000-geophysical-interpretation-of-contact-and-regional-metamorphism,
Failure,ODP,Geophysical metamorphism (1:100,000), Geophysical Interpretation of Contact and Regional Metamorphism,geophysical-metamorphism-1-100-000-geophysical-interpretation-of-contact-and-regional-metamorphism,https://ckan-datavic-ckan-odp-develop.au.amazee.io/dataset/geophysical-metamorphism-1-100-000-geophysical-interpretation-of-contact-and-regional-metamorphism,Dataset was not found
Success,DD,Designated Bushfire Prone Area (BPA),designated-bushfire-prone-area-bpa,https://ckan-datavic-ckan-develop.au.amazee.io/dataset/designated-bushfire-prone-area-bpa,
Success,ODP,Designated Bushfire Prone Area (BPA),designated-bushfire-prone-area-bpa,https://ckan-datavic-ckan-odp-develop.au.amazee.io/dataset/designated-bushfire-prone-area-bpa,
Success,DD,2010 Index of Stream Condition - Water Bodies 100m Section Summary Table,2010-index-of-stream-condition-water-bodies-100m-section-summary-table,https://ckan-datavic-ckan-develop.au.amazee.io/dataset/2010-index-of-stream-condition-water-bodies-100m-section-summary-table,
Success,ODP,2010 Index of Stream Condition - Water Bodies 100m Section Summary Table,2010-index-of-stream-condition-water-bodies-100m-section-summary-table,https://ckan-datavic-ckan-odp-develop.au.amazee.io/dataset/2010-index-of-stream-condition-water-bodies-100m-section-summary-table,
Success,DD,Commonwealth Land (Generalised) - Public Land Management,commonwealth-land-generalised-public-land-management,https://ckan-datavic-ckan-develop.au.amazee.io/dataset/commonwealth-land-generalised-public-land-management,
Success,ODP,Commonwealth Land (Generalised) - Public Land Management,commonwealth-land-generalised-public-land-management,https://ckan-datavic-ckan-odp-develop.au.amazee.io/dataset/commonwealth-land-generalised-public-land-management,
Success,DD,Parish Boundaries (polygon) - Vicmap Admin,parish-boundaries-polygon-vicmap-admin,https://ckan-datavic-ckan-develop.au.amazee.io/dataset/parish-boundaries-polygon-vicmap-admin,
Success,ODP,Parish Boundaries (polygon) - Vicmap Admin,parish-boundaries-polygon-vicmap-admin,https://ckan-datavic-ckan-odp-develop.au.amazee.io/dataset/parish-boundaries-polygon-vicmap-admin,
Success,DD,PTV Metro Bus Stops,ptv-metro-bus-stops,https://ckan-datavic-ckan-develop.au.amazee.io/dataset/ptv-metro-bus-stops,
Success,ODP,PTV Metro Bus Stops,ptv-metro-bus-stops,https://ckan-datavic-ckan-odp-develop.au.amazee.io/dataset/ptv-metro-bus-stops,
Success,DD,Victorian Wetland Environments and Extent -  up to 1994,victorian-wetland-environments-and-extent-up-to-1994,https://ckan-datavic-ckan-develop.au.amazee.io/dataset/victorian-wetland-environments-and-extent-up-to-1994,
Success,ODP,Victorian Wetland Environments and Extent -  up to 1994,victorian-wetland-environments-and-extent-up-to-1994,https://ckan-datavic-ckan-odp-develop.au.amazee.io/dataset/victorian-wetland-environments-and-extent-up-to-1994,
Success,DD,Map of Victoria with locations of swooping birds populated by the public,map-of-victoria-with-locations-of-swooping-birds-populated-by-the-public,https://ckan-datavic-ckan-develop.au.amazee.io/dataset/map-of-victoria-with-locations-of-swooping-birds-populated-by-the-public,
Success,ODP,Map of Victoria with locations of swooping birds populated by the public,map-of-victoria-with-locations-of-swooping-birds-populated-by-the-public,https://ckan-datavic-ckan-odp-develop.au.amazee.io/dataset/map-of-victoria-with-locations-of-swooping-birds-populated-by-the-public,
Success,DD,Plains Grasslands and Chenopod Shrublands - Clay soils,plains-grasslands-and-chenopod-shrublands-clay-soils,https://ckan-datavic-ckan-develop.au.amazee.io/dataset/plains-grasslands-and-chenopod-shrublands-clay-soils,
Success,ODP,Plains Grasslands and Chenopod Shrublands - Clay soils,plains-grasslands-and-chenopod-shrublands-clay-soils,https://ckan-datavic-ckan-odp-develop.au.amazee.io/dataset/plains-grasslands-and-chenopod-shrublands-clay-soils,
Success,DD,Vicmap Transport - Surf Coast Walk,vicmap-transport-surf-coast-walk,https://ckan-datavic-ckan-develop.au.amazee.io/dataset/vicmap-transport-surf-coast-walk,
Success,ODP,Vicmap Transport - Surf Coast Walk,vicmap-transport-surf-coast-walk,https://ckan-datavic-ckan-odp-develop.au.amazee.io/dataset/vicmap-transport-surf-coast-walk,
Success,DD,Watercourse Network 1:25,000 - Vicmap Hydro,watercourse-network-1-25-000-vicmap-hydro,https://ckan-datavic-ckan-develop.au.amazee.io/dataset/watercourse-network-1-25-000-vicmap-hydro,
Success,ODP,Watercourse Network 1:25,000 - Vicmap Hydro,watercourse-network-1-25-000-vicmap-hydro,https://ckan-datavic-ckan-odp-develop.au.amazee.io/dataset/watercourse-network-1-25-000-vicmap-hydro,
Success,DD,PTV Regional Coach Stops,ptv-regional-coach-stops,https://ckan-datavic-ckan-develop.au.amazee.io/dataset/ptv-regional-coach-stops,
Success,ODP,PTV Regional Coach Stops,ptv-regional-coach-stops,https://ckan-datavic-ckan-odp-develop.au.amazee.io/dataset/ptv-regional-coach-stops,
Success,DD,Statewide Public Land  Classification boundaries, polygon  -  1:1 million to 1 :5 million. Vicmap Lite,statewide-public-land-classification-boundaries-polygon-1-1-million-to-1-5-million-vicmap-lite,https://ckan-datavic-ckan-develop.au.amazee.io/dataset/statewide-public-land-classification-boundaries-polygon-1-1-million-to-1-5-million-vicmap-lite,
Success,ODP,Statewide Public Land  Classification boundaries, polygon  -  1:1 million to 1 :5 million. Vicmap Lite,statewide-public-land-classification-boundaries-polygon-1-1-million-to-1-5-million-vicmap-lite,https://ckan-datavic-ckan-odp-develop.au.amazee.io/dataset/statewide-public-land-classification-boundaries-polygon-1-1-million-to-1-5-million-vicmap-lite,
Success,DD,Lineaments interpreted from Total Magnetic Intensity (TMI) data,lineaments-interpreted-from-total-magnetic-intensity-tmi-data,https://ckan-datavic-ckan-develop.au.amazee.io/dataset/lineaments-interpreted-from-total-magnetic-intensity-tmi-data,
Success,ODP,Lineaments interpreted from Total Magnetic Intensity (TMI) data,lineaments-interpreted-from-total-magnetic-intensity-tmi-data,https://ckan-datavic-ckan-odp-develop.au.amazee.io/dataset/lineaments-interpreted-from-total-magnetic-intensity-tmi-data,
Success,DD,FLOWS Assessed River Reaches,flows-assessed-river-reaches,https://ckan-datavic-ckan-develop.au.amazee.io/dataset/flows-assessed-river-reaches,
Success,ODP,FLOWS Assessed River Reaches,flows-assessed-river-reaches,https://ckan-datavic-ckan-odp-develop.au.amazee.io/dataset/flows-assessed-river-reaches,
Success,DD,Potential Impact of Geological Structures on Groundwater Flow Systems,potential-impact-of-geological-structures-on-groundwater-flow-systems,https://ckan-datavic-ckan-develop.au.amazee.io/dataset/potential-impact-of-geological-structures-on-groundwater-flow-systems,
Success,ODP,Potential Impact of Geological Structures on Groundwater Flow Systems,potential-impact-of-geological-structures-on-groundwater-flow-systems,https://ckan-datavic-ckan-odp-develop.au.amazee.io/dataset/potential-impact-of-geological-structures-on-groundwater-flow-systems,
Success,DD,Species' Habitat Distribution Models (HDM) v4 - 10-Minute grid summary for Fauna,species-habitat-distribution-models-hdm-v4-10-minute-grid-summary-for-fauna,https://ckan-datavic-ckan-develop.au.amazee.io/dataset/species-habitat-distribution-models-hdm-v4-10-minute-grid-summary-for-fauna,
Success,ODP,Species' Habitat Distribution Models (HDM) v4 - 10-Minute grid summary for Fauna,species-habitat-distribution-models-hdm-v4-10-minute-grid-summary-for-fauna,https://ckan-datavic-ckan-odp-develop.au.amazee.io/dataset/species-habitat-distribution-models-hdm-v4-10-minute-grid-summary-for-fauna,
Success,DD,PLM25 Overlays including Reference Areas, Heritage Rivers, Wilderness Zones, Remote & Natural Areas and Natural Catchment Areas,plm25-overlays-including-reference-areas-heritage-rivers-wilderness-zones-remote-natural-areas-and-,https://ckan-datavic-ckan-develop.au.amazee.io/dataset/plm25-overlays-including-reference-areas-heritage-rivers-wilderness-zones-remote-natural-areas-and-,
Failure,ODP,PLM25 Overlays including Reference Areas, Heritage Rivers, Wilderness Zones, Remote & Natural Areas and Natural Catchment Areas,plm25-overlays-including-reference-areas-heritage-rivers-wilderness-zones-remote-natural-areas-and-,https://ckan-datavic-ckan-odp-develop.au.amazee.io/dataset/plm25-overlays-including-reference-areas-heritage-rivers-wilderness-zones-remote-natural-areas-and-,Dataset was not found
Success,DD,FOI - Point - Vicmap Features of Interest,foi-point-vicmap-features-of-interest,https://ckan-datavic-ckan-develop.au.amazee.io/dataset/foi-point-vicmap-features-of-interest,
Success,ODP,FOI - Point - Vicmap Features of Interest,foi-point-vicmap-features-of-interest,https://ckan-datavic-ckan-odp-develop.au.amazee.io/dataset/foi-point-vicmap-features-of-interest,
Success,DD,Wilderness Park -Public Land Management,wilderness-park-public-land-management,https://ckan-datavic-ckan-develop.au.amazee.io/dataset/wilderness-park-public-land-management,
Success,ODP,Wilderness Park -Public Land Management,wilderness-park-public-land-management,https://ckan-datavic-ckan-odp-develop.au.amazee.io/dataset/wilderness-park-public-land-management,
Success,DD,Marine National Park -Public Land Management,marine-national-park-public-land-management,https://ckan-datavic-ckan-develop.au.amazee.io/dataset/marine-national-park-public-land-management,
Success,ODP,Marine National Park -Public Land Management,marine-national-park-public-land-management,https://ckan-datavic-ckan-odp-develop.au.amazee.io/dataset/marine-national-park-public-land-management,
Success,DD,Culvert - Flood Height Measurement Structures,culvert-flood-height-measurement-structures,https://ckan-datavic-ckan-develop.au.amazee.io/dataset/culvert-flood-height-measurement-structures,
Success,ODP,Culvert - Flood Height Measurement Structures,culvert-flood-height-measurement-structures,https://ckan-datavic-ckan-odp-develop.au.amazee.io/dataset/culvert-flood-height-measurement-structures,
Success,DD,Vicmap Transport - Proposed Roads,vicmap-transport-proposed-roads,https://ckan-datavic-ckan-develop.au.amazee.io/dataset/vicmap-transport-proposed-roads,
Success,ODP,Vicmap Transport - Proposed Roads,vicmap-transport-proposed-roads,https://ckan-datavic-ckan-odp-develop.au.amazee.io/dataset/vicmap-transport-proposed-roads,
Success,DD,Area Subject to Innundation - Water Area (polygon) 1:25,000 - Vicmap Hydro,area-subject-to-innundation-water-area-polygon-1-25-000-vicmap-hydro,https://ckan-datavic-ckan-develop.au.amazee.io/dataset/area-subject-to-innundation-water-area-polygon-1-25-000-vicmap-hydro,
Success,ODP,Area Subject to Innundation - Water Area (polygon) 1:25,000 - Vicmap Hydro,area-subject-to-innundation-water-area-polygon-1-25-000-vicmap-hydro,https://ckan-datavic-ckan-odp-develop.au.amazee.io/dataset/area-subject-to-innundation-water-area-polygon-1-25-000-vicmap-hydro,
Success,DD,Earth Resources -Public Land Management,earth-resources-public-land-management,https://ckan-datavic-ckan-develop.au.amazee.io/dataset/earth-resources-public-land-management,
Success,ODP,Earth Resources -Public Land Management,earth-resources-public-land-management,https://ckan-datavic-ckan-odp-develop.au.amazee.io/dataset/earth-resources-public-land-management,
Success,DD,NPA Schedule 3 Other Park (Generalised) - Public Land Management,npa-schedule-3-other-park-generalised-public-land-management,https://ckan-datavic-ckan-develop.au.amazee.io/dataset/npa-schedule-3-other-park-generalised-public-land-management,
Success,ODP,NPA Schedule 3 Other Park (Generalised) - Public Land Management,npa-schedule-3-other-park-generalised-public-land-management,https://ckan-datavic-ckan-odp-develop.au.amazee.io/dataset/npa-schedule-3-other-park-generalised-public-land-management,
Success,DD,Areas of Cultural Heritage Sensitivity,areas-of-cultural-heritage-sensitivity,https://ckan-datavic-ckan-develop.au.amazee.io/dataset/areas-of-cultural-heritage-sensitivity,
Success,ODP,Areas of Cultural Heritage Sensitivity,areas-of-cultural-heritage-sensitivity,https://ckan-datavic-ckan-odp-develop.au.amazee.io/dataset/areas-of-cultural-heritage-sensitivity,
Success,DD,Vicmap Crown Land Tenure - General Licences (miscellaneous),vicmap-crown-land-tenure-general-licences-miscellaneous,https://ckan-datavic-ckan-develop.au.amazee.io/dataset/vicmap-crown-land-tenure-general-licences-miscellaneous,
Success,ODP,Vicmap Crown Land Tenure - General Licences (miscellaneous),vicmap-crown-land-tenure-general-licences-miscellaneous,https://ckan-datavic-ckan-odp-develop.au.amazee.io/dataset/vicmap-crown-land-tenure-general-licences-miscellaneous,
Success,DD,Current Exploration Licence Moratorium Period Areas,current-exploration-licence-moratorium-period-areas,https://ckan-datavic-ckan-develop.au.amazee.io/dataset/current-exploration-licence-moratorium-period-areas,
Success,ODP,Current Exploration Licence Moratorium Period Areas,current-exploration-licence-moratorium-period-areas,https://ckan-datavic-ckan-odp-develop.au.amazee.io/dataset/current-exploration-licence-moratorium-period-areas,
Success,DD,Regolith Regional Duricrust Lines (1:100,000),regolith-regional-duricrust-lines-1-100-000,https://ckan-datavic-ckan-develop.au.amazee.io/dataset/regolith-regional-duricrust-lines-1-100-000,
Success,ODP,Regolith Regional Duricrust Lines (1:100,000),regolith-regional-duricrust-lines-1-100-000,https://ckan-datavic-ckan-odp-develop.au.amazee.io/dataset/regolith-regional-duricrust-lines-1-100-000,
Success,DD,Vicmap Crown Land Tenure - Reserve Status,vicmap-crown-land-tenure-reserve-status,https://ckan-datavic-ckan-develop.au.amazee.io/dataset/vicmap-crown-land-tenure-reserve-status,
Success,ODP,Vicmap Crown Land Tenure - Reserve Status,vicmap-crown-land-tenure-reserve-status,https://ckan-datavic-ckan-odp-develop.au.amazee.io/dataset/vicmap-crown-land-tenure-reserve-status,
Success,DD,Public Land Management Overlay - Reference Areas,public-land-management-overlay-reference-areas,https://ckan-datavic-ckan-develop.au.amazee.io/dataset/public-land-management-overlay-reference-areas,
Success,ODP,Public Land Management Overlay - Reference Areas,public-land-management-overlay-reference-areas,https://ckan-datavic-ckan-odp-develop.au.amazee.io/dataset/public-land-management-overlay-reference-areas,
Success,DD,Marine National Park (Generalised) - Public Land Management,marine-national-park-generalised-public-land-management,https://ckan-datavic-ckan-develop.au.amazee.io/dataset/marine-national-park-generalised-public-land-management,
Success,ODP,Marine National Park (Generalised) - Public Land Management,marine-national-park-generalised-public-land-management,https://ckan-datavic-ckan-odp-develop.au.amazee.io/dataset/marine-national-park-generalised-public-land-management,
Success,DD,Township Boundaries (polygon) - Vicmap Admin,township-boundaries-polygon-vicmap-admin,https://ckan-datavic-ckan-develop.au.amazee.io/dataset/township-boundaries-polygon-vicmap-admin,
Success,ODP,Township Boundaries (polygon) - Vicmap Admin,township-boundaries-polygon-vicmap-admin,https://ckan-datavic-ckan-odp-develop.au.amazee.io/dataset/township-boundaries-polygon-vicmap-admin,
Success,DD,Vicmap Transport - Road Tunnel,vicmap-transport-road-tunnel,https://ckan-datavic-ckan-develop.au.amazee.io/dataset/vicmap-transport-road-tunnel,
Success,ODP,Vicmap Transport - Road Tunnel,vicmap-transport-road-tunnel,https://ckan-datavic-ckan-odp-develop.au.amazee.io/dataset/vicmap-transport-road-tunnel,
Success,DD,Shallow Workings Polygons Lines (1:100,000),shallow-workings-polygons-lines-1-100-000,https://ckan-datavic-ckan-develop.au.amazee.io/dataset/shallow-workings-polygons-lines-1-100-000,
Success,ODP,Shallow Workings Polygons Lines (1:100,000),shallow-workings-polygons-lines-1-100-000,https://ckan-datavic-ckan-odp-develop.au.amazee.io/dataset/shallow-workings-polygons-lines-1-100-000,
Success,DD,Interpreted Faults, North-West Murray Basin,interpreted-faults-north-west-murray-basin,https://ckan-datavic-ckan-develop.au.amazee.io/dataset/interpreted-faults-north-west-murray-basin,
Success,ODP,Interpreted Faults, North-West Murray Basin,interpreted-faults-north-west-murray-basin,https://ckan-datavic-ckan-odp-develop.au.amazee.io/dataset/interpreted-faults-north-west-murray-basin,
Success,DD,Vicmap Transport - Rail Tunnel,vicmap-transport-rail-tunnel,https://ckan-datavic-ckan-develop.au.amazee.io/dataset/vicmap-transport-rail-tunnel,
Success,ODP,Vicmap Transport - Rail Tunnel,vicmap-transport-rail-tunnel,https://ckan-datavic-ckan-odp-develop.au.amazee.io/dataset/vicmap-transport-rail-tunnel,
Success,DD,Mallee - Clay plains,mallee-clay-plains,https://ckan-datavic-ckan-develop.au.amazee.io/dataset/mallee-clay-plains,
Success,ODP,Mallee - Clay plains,mallee-clay-plains,https://ckan-datavic-ckan-odp-develop.au.amazee.io/dataset/mallee-clay-plains,
Success,DD,Metro Contour 1-5 Metre - Vicmap Elevation,metro-contour-1-5-metre-vicmap-elevation,https://ckan-datavic-ckan-develop.au.amazee.io/dataset/metro-contour-1-5-metre-vicmap-elevation,
Success,ODP,Metro Contour 1-5 Metre - Vicmap Elevation,metro-contour-1-5-metre-vicmap-elevation,https://ckan-datavic-ckan-odp-develop.au.amazee.io/dataset/metro-contour-1-5-metre-vicmap-elevation,
Success,DD,Tree Cover simplified for display at scales between 1:500,000 and 1:2,000,000,tree-cover-simplified-for-display-at-scales-between-1-500-000-and-1-2-000-000,https://ckan-datavic-ckan-develop.au.amazee.io/dataset/tree-cover-simplified-for-display-at-scales-between-1-500-000-and-1-2-000-000,
Success,ODP,Tree Cover simplified for display at scales between 1:500,000 and 1:2,000,000,tree-cover-simplified-for-display-at-scales-between-1-500-000-and-1-2-000-000,https://ckan-datavic-ckan-odp-develop.au.amazee.io/dataset/tree-cover-simplified-for-display-at-scales-between-1-500-000-and-1-2-000-000,
Success,DD,Vicmap Property - Road Casement Polygon,vicmap-property-road-casement-polygon,https://ckan-datavic-ckan-develop.au.amazee.io/dataset/vicmap-property-road-casement-polygon,
Success,ODP,Vicmap Property - Road Casement Polygon,vicmap-property-road-casement-polygon,https://ckan-datavic-ckan-odp-develop.au.amazee.io/dataset/vicmap-property-road-casement-polygon,
Success,DD,Statewide Place Area boundaries, polygon  -  1:250,000 to 1 :5 million. Vicmap Lite,statewide-place-area-boundaries-polygon-1-250-000-to-1-5-million-vicmap-lite,https://ckan-datavic-ckan-develop.au.amazee.io/dataset/statewide-place-area-boundaries-polygon-1-250-000-to-1-5-million-vicmap-lite,
Success,ODP,Statewide Place Area boundaries, polygon  -  1:250,000 to 1 :5 million. Vicmap Lite,statewide-place-area-boundaries-polygon-1-250-000-to-1-5-million-vicmap-lite,https://ckan-datavic-ckan-odp-develop.au.amazee.io/dataset/statewide-place-area-boundaries-polygon-1-250-000-to-1-5-million-vicmap-lite,
Success,DD,Dry Forests - Exposed and/or lower altitude,dry-forests-exposed-and-or-lower-altitude,https://ckan-datavic-ckan-develop.au.amazee.io/dataset/dry-forests-exposed-and-or-lower-altitude,
Success,ODP,Dry Forests - Exposed and/or lower altitude,dry-forests-exposed-and-or-lower-altitude,https://ckan-datavic-ckan-odp-develop.au.amazee.io/dataset/dry-forests-exposed-and-or-lower-altitude,
Success,DD,2010 Index of Stream Condition - Bank Full Width 100m Section Summary Table,2010-index-of-stream-condition-bank-full-width-100m-section-summary-table,https://ckan-datavic-ckan-develop.au.amazee.io/dataset/2010-index-of-stream-condition-bank-full-width-100m-section-summary-table,
Success,ODP,2010 Index of Stream Condition - Bank Full Width 100m Section Summary Table,2010-index-of-stream-condition-bank-full-width-100m-section-summary-table,https://ckan-datavic-ckan-odp-develop.au.amazee.io/dataset/2010-index-of-stream-condition-bank-full-width-100m-section-summary-table,
Success,DD,Groundwater-Surface Water Interaction Flux,groundwater-surface-water-interaction-flux,https://ckan-datavic-ckan-develop.au.amazee.io/dataset/groundwater-surface-water-interaction-flux,
Success,ODP,Groundwater-Surface Water Interaction Flux,groundwater-surface-water-interaction-flux,https://ckan-datavic-ckan-odp-develop.au.amazee.io/dataset/groundwater-surface-water-interaction-flux,
Success,DD,Vicmap Transport - Road Restrictions (subject to height or weight limits),vicmap-transport-road-restrictions-subject-to-height-or-weight-limits,https://ckan-datavic-ckan-develop.au.amazee.io/dataset/vicmap-transport-road-restrictions-subject-to-height-or-weight-limits,
Success,ODP,Vicmap Transport - Road Restrictions (subject to height or weight limits),vicmap-transport-road-restrictions-subject-to-height-or-weight-limits,https://ckan-datavic-ckan-odp-develop.au.amazee.io/dataset/vicmap-transport-road-restrictions-subject-to-height-or-weight-limits,
Success,DD,Open File Digital Airborne Geophysical Survey Index for Victoria,open-file-digital-airborne-geophysical-survey-index-for-victoria,https://ckan-datavic-ckan-develop.au.amazee.io/dataset/open-file-digital-airborne-geophysical-survey-index-for-victoria,
Success,ODP,Open File Digital Airborne Geophysical Survey Index for Victoria,open-file-digital-airborne-geophysical-survey-index-for-victoria,https://ckan-datavic-ckan-odp-develop.au.amazee.io/dataset/open-file-digital-airborne-geophysical-survey-index-for-victoria,
Success,DD,Vicmap Transport - Bicentenial National Walking Trail,vicmap-transport-bicentenial-national-walking-trail,https://ckan-datavic-ckan-develop.au.amazee.io/dataset/vicmap-transport-bicentenial-national-walking-trail,
Success,ODP,Vicmap Transport - Bicentenial National Walking Trail,vicmap-transport-bicentenial-national-walking-trail,https://ckan-datavic-ckan-odp-develop.au.amazee.io/dataset/vicmap-transport-bicentenial-national-walking-trail,
Success,DD,Potential Groundwater Dependent Ecosystem (GDE) Mapping for the Corangamite CMA,potential-groundwater-dependent-ecosystem-gde-mapping-for-the-corangamite-cma,https://ckan-datavic-ckan-develop.au.amazee.io/dataset/potential-groundwater-dependent-ecosystem-gde-mapping-for-the-corangamite-cma,
Success,ODP,Potential Groundwater Dependent Ecosystem (GDE) Mapping for the Corangamite CMA,potential-groundwater-dependent-ecosystem-gde-mapping-for-the-corangamite-cma,https://ckan-datavic-ckan-odp-develop.au.amazee.io/dataset/potential-groundwater-dependent-ecosystem-gde-mapping-for-the-corangamite-cma,
Success,DD,Vicmap Transport - Collector Roads,vicmap-transport-collector-roads,https://ckan-datavic-ckan-develop.au.amazee.io/dataset/vicmap-transport-collector-roads,
Success,ODP,Vicmap Transport - Collector Roads,vicmap-transport-collector-roads,https://ckan-datavic-ckan-odp-develop.au.amazee.io/dataset/vicmap-transport-collector-roads,
Success,DD,Mineral Areas (1:1,000,000),mineral-areas-1-1-000-000,https://ckan-datavic-ckan-develop.au.amazee.io/dataset/mineral-areas-1-1-000-000,
Success,ODP,Mineral Areas (1:1,000,000),mineral-areas-1-1-000-000,https://ckan-datavic-ckan-odp-develop.au.amazee.io/dataset/mineral-areas-1-1-000-000,
Success,DD,Groundwater Sites of the Groundwater Management System,groundwater-sites-of-the-groundwater-management-system,https://ckan-datavic-ckan-develop.au.amazee.io/dataset/groundwater-sites-of-the-groundwater-management-system,
Success,ODP,Groundwater Sites of the Groundwater Management System,groundwater-sites-of-the-groundwater-management-system,https://ckan-datavic-ckan-odp-develop.au.amazee.io/dataset/groundwater-sites-of-the-groundwater-management-system,
Success,DD,Petroleum Wells that are available to the public (from Minerals and Petroleum's DbMap database),petroleum-wells-that-are-available-to-the-public-from-minerals-and-petroleums-dbmap-database,https://ckan-datavic-ckan-develop.au.amazee.io/dataset/petroleum-wells-that-are-available-to-the-public-from-minerals-and-petroleums-dbmap-database,
Success,ODP,Petroleum Wells that are available to the public (from Minerals and Petroleum's DbMap database),petroleum-wells-that-are-available-to-the-public-from-minerals-and-petroleums-dbmap-database,https://ckan-datavic-ckan-odp-develop.au.amazee.io/dataset/petroleum-wells-that-are-available-to-the-public-from-minerals-and-petroleums-dbmap-database,
Success,DD,Flood Regulator - Flood Height Measurement Structures,flood-regulator-flood-height-measurement-structures,https://ckan-datavic-ckan-develop.au.amazee.io/dataset/flood-regulator-flood-height-measurement-structures,
Success,ODP,Flood Regulator - Flood Height Measurement Structures,flood-regulator-flood-height-measurement-structures,https://ckan-datavic-ckan-odp-develop.au.amazee.io/dataset/flood-regulator-flood-height-measurement-structures,
Success,DD,Simplified outline of Victoria and adjoining States, line  -  1:2 million to 1 :5 million. Vicmap Lite,simplified-outline-of-victoria-and-adjoining-states-line-1-2-million-to-1-5-million-vicmap-lite,https://ckan-datavic-ckan-develop.au.amazee.io/dataset/simplified-outline-of-victoria-and-adjoining-states-line-1-2-million-to-1-5-million-vicmap-lite,
Success,ODP,Simplified outline of Victoria and adjoining States, line  -  1:2 million to 1 :5 million. Vicmap Lite,simplified-outline-of-victoria-and-adjoining-states-line-1-2-million-to-1-5-million-vicmap-lite,https://ckan-datavic-ckan-odp-develop.au.amazee.io/dataset/simplified-outline-of-victoria-and-adjoining-states-line-1-2-million-to-1-5-million-vicmap-lite,
Success,DD,FOI - Line - Vicmap Features of Interest,foi-line-vicmap-features-of-interest,https://ckan-datavic-ckan-develop.au.amazee.io/dataset/foi-line-vicmap-features-of-interest,
Success,ODP,FOI - Line - Vicmap Features of Interest,foi-line-vicmap-features-of-interest,https://ckan-datavic-ckan-odp-develop.au.amazee.io/dataset/foi-line-vicmap-features-of-interest,
Success,DD,Port Coastal Facility -Public Land Management,port-coastal-facility-public-land-management,https://ckan-datavic-ckan-develop.au.amazee.io/dataset/port-coastal-facility-public-land-management,
Success,ODP,Port Coastal Facility -Public Land Management,port-coastal-facility-public-land-management,https://ckan-datavic-ckan-odp-develop.au.amazee.io/dataset/port-coastal-facility-public-land-management,
Success,DD,FOI - Index Extent - Vicmap Features of Interest,foi-index-extent-vicmap-features-of-interest,https://ckan-datavic-ckan-develop.au.amazee.io/dataset/foi-index-extent-vicmap-features-of-interest,
Success,ODP,FOI - Index Extent - Vicmap Features of Interest,foi-index-extent-vicmap-features-of-interest,https://ckan-datavic-ckan-odp-develop.au.amazee.io/dataset/foi-index-extent-vicmap-features-of-interest,
Success,DD,Water Supply Protection Areas (Groundwater & Surface Water) Zone within Victoria,water-supply-protection-areas-groundwater-surface-water-zone-within-victoria,https://ckan-datavic-ckan-develop.au.amazee.io/dataset/water-supply-protection-areas-groundwater-surface-water-zone-within-victoria,
Success,ODP,Water Supply Protection Areas (Groundwater & Surface Water) Zone within Victoria,water-supply-protection-areas-groundwater-surface-water-zone-within-victoria,https://ckan-datavic-ckan-odp-develop.au.amazee.io/dataset/water-supply-protection-areas-groundwater-surface-water-zone-within-victoria,
Success,DD,Dry Forests - Sheltered and/or higher altitude - Native Vegetation (EVCBCS_2005),dry-forests-sheltered-and-or-higher-altitude-native-vegetation-evcbcs_2005,https://ckan-datavic-ckan-develop.au.amazee.io/dataset/dry-forests-sheltered-and-or-higher-altitude-native-vegetation-evcbcs_2005,
Success,ODP,Dry Forests - Sheltered and/or higher altitude - Native Vegetation (EVCBCS_2005),dry-forests-sheltered-and-or-higher-altitude-native-vegetation-evcbcs_2005,https://ckan-datavic-ckan-odp-develop.au.amazee.io/dataset/dry-forests-sheltered-and-or-higher-altitude-native-vegetation-evcbcs_2005,
Success,DD,Geophysical and Geochemical Surveys - Earth Resources Spatial Data Collection for the Datamart.,geophysical-and-geochemical-surveys-earth-resources-spatial-data-collection-for-the-datamart,https://ckan-datavic-ckan-develop.au.amazee.io/dataset/geophysical-and-geochemical-surveys-earth-resources-spatial-data-collection-for-the-datamart,
Success,ODP,Geophysical and Geochemical Surveys - Earth Resources Spatial Data Collection for the Datamart.,geophysical-and-geochemical-surveys-earth-resources-spatial-data-collection-for-the-datamart,https://ckan-datavic-ckan-odp-develop.au.amazee.io/dataset/geophysical-and-geochemical-surveys-earth-resources-spatial-data-collection-for-the-datamart,
Success,DD,1:25 000 MGA Mapsheet Boundaries - Double Format,1-25-000-mga-mapsheet-boundaries-double-format,https://ckan-datavic-ckan-develop.au.amazee.io/dataset/1-25-000-mga-mapsheet-boundaries-double-format,
Success,ODP,1:25 000 MGA Mapsheet Boundaries - Double Format,1-25-000-mga-mapsheet-boundaries-double-format,https://ckan-datavic-ckan-odp-develop.au.amazee.io/dataset/1-25-000-mga-mapsheet-boundaries-double-format,
Success,DD,Potential Groundwater Dependent Ecosystem (GDE) Mapping for the North East CMA,potential-groundwater-dependent-ecosystem-gde-mapping-for-the-north-east-cma,https://ckan-datavic-ckan-develop.au.amazee.io/dataset/potential-groundwater-dependent-ecosystem-gde-mapping-for-the-north-east-cma,
Success,ODP,Potential Groundwater Dependent Ecosystem (GDE) Mapping for the North East CMA,potential-groundwater-dependent-ecosystem-gde-mapping-for-the-north-east-cma,https://ckan-datavic-ckan-odp-develop.au.amazee.io/dataset/potential-groundwater-dependent-ecosystem-gde-mapping-for-the-north-east-cma,
Success,DD,Montane Grasslands, Shrublands or Woodlands - Woodlands - Native Vegetation (EVCBCS_2005),montane-grasslands-shrublands-or-woodlands-woodlands-native-vegetation-evcbcs_2005,https://ckan-datavic-ckan-develop.au.amazee.io/dataset/montane-grasslands-shrublands-or-woodlands-woodlands-native-vegetation-evcbcs_2005,
Success,ODP,Montane Grasslands, Shrublands or Woodlands - Woodlands - Native Vegetation (EVCBCS_2005),montane-grasslands-shrublands-or-woodlands-woodlands-native-vegetation-evcbcs_2005,https://ckan-datavic-ckan-odp-develop.au.amazee.io/dataset/montane-grasslands-shrublands-or-woodlands-woodlands-native-vegetation-evcbcs_2005,
Success,DD,Simplified outline of Victoria and adjoining States, polygon  -  1:2 million to 1 :5 million. Vicmap Lite,simplified-outline-of-victoria-and-adjoining-states-polygon-1-2-million-to-1-5-million-vicmap-lite,https://ckan-datavic-ckan-develop.au.amazee.io/dataset/simplified-outline-of-victoria-and-adjoining-states-polygon-1-2-million-to-1-5-million-vicmap-lite,
Failure,ODP,Simplified outline of Victoria and adjoining States, polygon  -  1:2 million to 1 :5 million. Vicmap Lite,simplified-outline-of-victoria-and-adjoining-states-polygon-1-2-million-to-1-5-million-vicmap-lite,https://ckan-datavic-ckan-odp-develop.au.amazee.io/dataset/simplified-outline-of-victoria-and-adjoining-states-polygon-1-2-million-to-1-5-million-vicmap-lite,Dataset was not found
Success,DD,Vicmap Transport - Road Restrictions (road unmaintained),vicmap-transport-road-restrictions-road-unmaintained,https://ckan-datavic-ckan-develop.au.amazee.io/dataset/vicmap-transport-road-restrictions-road-unmaintained,
Success,ODP,Vicmap Transport - Road Restrictions (road unmaintained),vicmap-transport-road-restrictions-road-unmaintained,https://ckan-datavic-ckan-odp-develop.au.amazee.io/dataset/vicmap-transport-road-restrictions-road-unmaintained,
Success,DD,Wet or Damp Forests -Wet,wet-or-damp-forests-wet,https://ckan-datavic-ckan-develop.au.amazee.io/dataset/wet-or-damp-forests-wet,
Success,ODP,Wet or Damp Forests -Wet,wet-or-damp-forests-wet,https://ckan-datavic-ckan-odp-develop.au.amazee.io/dataset/wet-or-damp-forests-wet,
Success,DD,Historic Reserve (Generalised) - Public Land Management,historic-reserve-generalised-public-land-management,https://ckan-datavic-ckan-develop.au.amazee.io/dataset/historic-reserve-generalised-public-land-management,
Success,ODP,Historic Reserve (Generalised) - Public Land Management,historic-reserve-generalised-public-land-management,https://ckan-datavic-ckan-odp-develop.au.amazee.io/dataset/historic-reserve-generalised-public-land-management,
Success,DD,Vicmap Transport - Bicycle Bridges (point),vicmap-transport-bicycle-bridges-point,https://ckan-datavic-ckan-develop.au.amazee.io/dataset/vicmap-transport-bicycle-bridges-point,
Success,ODP,Vicmap Transport - Bicycle Bridges (point),vicmap-transport-bicycle-bridges-point,https://ckan-datavic-ckan-odp-develop.au.amazee.io/dataset/vicmap-transport-bicycle-bridges-point,
Success,DD,Interpreted Faults, Top Golden Beach Formation, Gippsland Basin,interpreted-faults-top-golden-beach-formation-gippsland-basin,https://ckan-datavic-ckan-develop.au.amazee.io/dataset/interpreted-faults-top-golden-beach-formation-gippsland-basin,
Success,ODP,Interpreted Faults, Top Golden Beach Formation, Gippsland Basin,interpreted-faults-top-golden-beach-formation-gippsland-basin,https://ckan-datavic-ckan-odp-develop.au.amazee.io/dataset/interpreted-faults-top-golden-beach-formation-gippsland-basin,
Success,DD,Montane Grasslands, Shrublands or Woodlands - Shrublands or Grasslands - Native Vegetation (EVCBCS_2005),montane-grasslands-shrublands-or-woodlands-shrublands-or-grasslands-native-vegetation-evcbcs_2005,https://ckan-datavic-ckan-develop.au.amazee.io/dataset/montane-grasslands-shrublands-or-woodlands-shrublands-or-grasslands-native-vegetation-evcbcs_2005,
Failure,ODP,Montane Grasslands, Shrublands or Woodlands - Shrublands or Grasslands - Native Vegetation (EVCBCS_2005),montane-grasslands-shrublands-or-woodlands-shrublands-or-grasslands-native-vegetation-evcbcs_2005,https://ckan-datavic-ckan-odp-develop.au.amazee.io/dataset/montane-grasslands-shrublands-or-woodlands-shrublands-or-grasslands-native-vegetation-evcbcs_2005,Dataset was not found
Success,DD,Sub-alpine Grasslands, Shrublands or Woodlands - Shrublands or Grasslands - Native Vegetation (EVCBCS_2005),sub-alpine-grasslands-shrublands-or-woodlands-shrublands-or-grasslands-native-vegetation-evcbcs_200,https://ckan-datavic-ckan-develop.au.amazee.io/dataset/sub-alpine-grasslands-shrublands-or-woodlands-shrublands-or-grasslands-native-vegetation-evcbcs_200,
Failure,ODP,Sub-alpine Grasslands, Shrublands or Woodlands - Shrublands or Grasslands - Native Vegetation (EVCBCS_2005),sub-alpine-grasslands-shrublands-or-woodlands-shrublands-or-grasslands-native-vegetation-evcbcs_200,https://ckan-datavic-ckan-odp-develop.au.amazee.io/dataset/sub-alpine-grasslands-shrublands-or-woodlands-shrublands-or-grasslands-native-vegetation-evcbcs_200,Dataset was not found
Success,DD,Plains Woodlands or Forests - Lunettes or beach ridges or shallow sands - Native Vegetation (EVCBCS_2005),plains-woodlands-or-forests-lunettes-or-beach-ridges-or-shallow-sands-native-vegetation-evcbcs_2005,https://ckan-datavic-ckan-develop.au.amazee.io/dataset/plains-woodlands-or-forests-lunettes-or-beach-ridges-or-shallow-sands-native-vegetation-evcbcs_2005,
Failure,ODP,Plains Woodlands or Forests - Lunettes or beach ridges or shallow sands - Native Vegetation (EVCBCS_2005),plains-woodlands-or-forests-lunettes-or-beach-ridges-or-shallow-sands-native-vegetation-evcbcs_2005,https://ckan-datavic-ckan-odp-develop.au.amazee.io/dataset/plains-woodlands-or-forests-lunettes-or-beach-ridges-or-shallow-sands-native-vegetation-evcbcs_2005,Dataset was not found
Success,DD,Riverine Grassy Woodlands or Forests - Creekline and/or swampy - Native Vegetation (EVCBCS_2005),riverine-grassy-woodlands-or-forests-creekline-and-or-swampy-native-vegetation-evcbcs_2005,https://ckan-datavic-ckan-develop.au.amazee.io/dataset/riverine-grassy-woodlands-or-forests-creekline-and-or-swampy-native-vegetation-evcbcs_2005,
Success,ODP,Riverine Grassy Woodlands or Forests - Creekline and/or swampy - Native Vegetation (EVCBCS_2005),riverine-grassy-woodlands-or-forests-creekline-and-or-swampy-native-vegetation-evcbcs_2005,https://ckan-datavic-ckan-odp-develop.au.amazee.io/dataset/riverine-grassy-woodlands-or-forests-creekline-and-or-swampy-native-vegetation-evcbcs_2005,
Success,DD,Statewide Geographic Area boundaries for labelling, polygon  -  1:250,000 to 1 :5 million. Vicmap Lite,statewide-geographic-area-boundaries-for-labelling-polygon-1-250-000-to-1-5-million-vicmap-lite,https://ckan-datavic-ckan-develop.au.amazee.io/dataset/statewide-geographic-area-boundaries-for-labelling-polygon-1-250-000-to-1-5-million-vicmap-lite,
Success,ODP,Statewide Geographic Area boundaries for labelling, polygon  -  1:250,000 to 1 :5 million. Vicmap Lite,statewide-geographic-area-boundaries-for-labelling-polygon-1-250-000-to-1-5-million-vicmap-lite,https://ckan-datavic-ckan-odp-develop.au.amazee.io/dataset/statewide-geographic-area-boundaries-for-labelling-polygon-1-250-000-to-1-5-million-vicmap-lite,
Success,DD,Statewide Public Land  Classification Boundaries, Polygon  -  1:250k to 1 :2M - Vicmap Lite,statewide-public-land-classification-boundaries-polygon-1-250k-to-1-2m-vicmap-lite,https://ckan-datavic-ckan-develop.au.amazee.io/dataset/statewide-public-land-classification-boundaries-polygon-1-250k-to-1-2m-vicmap-lite,
Success,ODP,Statewide Public Land  Classification Boundaries, Polygon  -  1:250k to 1 :2M - Vicmap Lite,statewide-public-land-classification-boundaries-polygon-1-250k-to-1-2m-vicmap-lite,https://ckan-datavic-ckan-odp-develop.au.amazee.io/dataset/statewide-public-land-classification-boundaries-polygon-1-250k-to-1-2m-vicmap-lite,
Success,DD,Vicmap Lite - Public Land (Marine Parks and Reserves) 1:1 million to 1:5 million,vicmap-lite-public-land-marine-parks-and-reserves-1-1-million-to-1-5-million,https://ckan-datavic-ckan-develop.au.amazee.io/dataset/vicmap-lite-public-land-marine-parks-and-reserves-1-1-million-to-1-5-million,
Success,ODP,Vicmap Lite - Public Land (Marine Parks and Reserves) 1:1 million to 1:5 million,vicmap-lite-public-land-marine-parks-and-reserves-1-1-million-to-1-5-million,https://ckan-datavic-ckan-odp-develop.au.amazee.io/dataset/vicmap-lite-public-land-marine-parks-and-reserves-1-1-million-to-1-5-million,
Success,DD,Vicmap Lite - Public Land (Other Public Lands) 1.1 million to 1.5 million,vicmap-lite-public-land-other-public-lands-1-1-million-to-1-5-million,https://ckan-datavic-ckan-develop.au.amazee.io/dataset/vicmap-lite-public-land-other-public-lands-1-1-million-to-1-5-million,
Success,ODP,Vicmap Lite - Public Land (Other Public Lands) 1.1 million to 1.5 million,vicmap-lite-public-land-other-public-lands-1-1-million-to-1-5-million,https://ckan-datavic-ckan-odp-develop.au.amazee.io/dataset/vicmap-lite-public-land-other-public-lands-1-1-million-to-1-5-million,
Success,DD,Vicmap Lite - Public Land (Parks and Reserves) 1:1 million to 1:5 million,vicmap-lite-public-land-parks-and-reserves-1-1-million-to-1-5-million,https://ckan-datavic-ckan-develop.au.amazee.io/dataset/vicmap-lite-public-land-parks-and-reserves-1-1-million-to-1-5-million,
Success,ODP,Vicmap Lite - Public Land (Parks and Reserves) 1:1 million to 1:5 million,vicmap-lite-public-land-parks-and-reserves-1-1-million-to-1-5-million,https://ckan-datavic-ckan-odp-develop.au.amazee.io/dataset/vicmap-lite-public-land-parks-and-reserves-1-1-million-to-1-5-million,
Success,DD,Simplified outline of Victoria and adjoining States, polygon  -  1:250,000 to 1 :2 million. Vicmap Lite,simplified-outline-of-victoria-and-adjoining-states-polygon-1-250-000-to-1-2-million-vicmap-lite,https://ckan-datavic-ckan-develop.au.amazee.io/dataset/simplified-outline-of-victoria-and-adjoining-states-polygon-1-250-000-to-1-2-million-vicmap-lite,
Failure,ODP,Simplified outline of Victoria and adjoining States, polygon  -  1:250,000 to 1 :2 million. Vicmap Lite,simplified-outline-of-victoria-and-adjoining-states-polygon-1-250-000-to-1-2-million-vicmap-lite,https://ckan-datavic-ckan-odp-develop.au.amazee.io/dataset/simplified-outline-of-victoria-and-adjoining-states-polygon-1-250-000-to-1-2-million-vicmap-lite,Dataset was not found
Success,DD,Vicmap Lite - Public Land (Coastal Waters) 1:1 million to 1:5 million,vicmap-lite-public-land-coastal-waters-1-1-million-to-1-5-million,https://ckan-datavic-ckan-develop.au.amazee.io/dataset/vicmap-lite-public-land-coastal-waters-1-1-million-to-1-5-million,
Success,ODP,Vicmap Lite - Public Land (Coastal Waters) 1:1 million to 1:5 million,vicmap-lite-public-land-coastal-waters-1-1-million-to-1-5-million,https://ckan-datavic-ckan-odp-develop.au.amazee.io/dataset/vicmap-lite-public-land-coastal-waters-1-1-million-to-1-5-million,
Success,DD,Lower Slopes or Hills Woodlands - Seasonally inundated and/or shrubby - Native Vegetation (EVCBCS_2005),lower-slopes-or-hills-woodlands-seasonally-inundated-and-or-shrubby-native-vegetation-evcbcs_2005,https://ckan-datavic-ckan-develop.au.amazee.io/dataset/lower-slopes-or-hills-woodlands-seasonally-inundated-and-or-shrubby-native-vegetation-evcbcs_2005,
Failure,ODP,Lower Slopes or Hills Woodlands - Seasonally inundated and/or shrubby - Native Vegetation (EVCBCS_2005),lower-slopes-or-hills-woodlands-seasonally-inundated-and-or-shrubby-native-vegetation-evcbcs_2005,https://ckan-datavic-ckan-odp-develop.au.amazee.io/dataset/lower-slopes-or-hills-woodlands-seasonally-inundated-and-or-shrubby-native-vegetation-evcbcs_2005,Dataset was not found
Success,DD,Vicmap Lite - Public Land (State Forest) 1:1 million to 1:5 million,vicmap-lite-public-land-state-forest-1-1-million-to-1-5-million,https://ckan-datavic-ckan-develop.au.amazee.io/dataset/vicmap-lite-public-land-state-forest-1-1-million-to-1-5-million,
Success,ODP,Vicmap Lite - Public Land (State Forest) 1:1 million to 1:5 million,vicmap-lite-public-land-state-forest-1-1-million-to-1-5-million,https://ckan-datavic-ckan-odp-develop.au.amazee.io/dataset/vicmap-lite-public-land-state-forest-1-1-million-to-1-5-million,
